userId,content,timestamp,votes,votedBy,postId
ADMIN,"Welcome to the area",2024-05-09 12:31:31,99999,kmvoyw9j5 gilq0vaje,jrvxodv20
ADMIN,"Welcome to the area",2024-05-09 12:31:31,99998,kmvoyw9j5 gilq0vaje,gilq0vaje
gilq0vaje,"no more word count",2025-01-25 20:03:58,3, gilq0vaje,ip6vcopa9
gilq0vaje,"adsad 21312 adsad 21312 adsad 21312 adsad 21312 adsad 21312 adsad 21312 adsad 21312 adsad 21312 adsad 21312 adsad 21312 adsad 21312 adsad 21312 adsad 21312 adsad 21312 adsad 21312 adsad 21312 adsad 21312 adsad 21312 adsad 21312 adsad 21312 adsad 21312 ",2025-01-25 19:19:42,1, gilq0vaje,wair9ic10
gilq0vaje,"eeeeeeeeeeee   eeeeee   eeeeee   eeeeee   eeeeee   eeeeee   eeeeee   eeeeee   eeeeee   eeeeee   eeeeee   eeeeee   eeeeee   eeeeee   eeeeee   eeeeee   eeeeee   eeeeee   eeeeee   eeeeee   eeeeee   eeeeee   eeeeee   eeeeee   eeeeee   eeeeee   eeeeee   eeeeee   eeeeee   eeeeee   eeeeee      ",2025-01-25 19:18:48,1, gilq0vaje,dt5zwhgmf
gilq0vaje,"wqeqwe",2025-01-25 19:21:34,1, gilq0vaje,33kqyhtgx
gilq0vaje,"dasdas",2025-01-25 19:40:34,1, gilq0vaje,wnzbwfkw5
gilq0vaje,"no more word count",2025-01-25 19:21:40,1, gilq0vaje,a1u5v7kyw
gilq0vaje,"hi",2025-01-25 20:52:47,1,gilq0vaje,gergulpgc
gilq0vaje," yo yo",2025-01-25 19:40:38,1, gilq0vaje,em9105eqc
gilq0vaje,"pos",2025-01-25 20:58:57,1,gilq0vaje,o7hfkqvbk
gilq0vaje,"hi",2025-01-25 21:02:24,1,gilq0vaje,6kwdhqhb6
gilq0vaje,"hi",2025-01-25 21:02:55,1,gilq0vaje,swgg34zim
gilq0vaje,"hi",2025-01-25 21:49:53,1,gilq0vaje,pcymbifwu
